Community name,% of people aged >65 and < 5 years old,% Visible minority population,% Aboriginal identity,% one parent families,% Living alone,% Women,% Newcomers to community (Mobility Status - movers from 2015-2016),% Recent immigrant (2011-2016) and non permanent residents,% Language (neither FR or EN),"% Low education (No certificate, diploma or degree)","% Low income (Based on the Low-income measure, after-tax (LIM-AT)) aged 18+",% Low income and aged 65+,% Unemployed,Public transit access,% Area of tree canopy (2020),% paved area,High income households,Resident count
01B,,,,,,,,,,,,,,0,0.024415245,0.260228568,,0
01C,,,,,,,,,,,,,,0,0.089813617,0.166706387,,0
01F,,,,,,,,,,,,,,0,0.031109183,0.133989625,85,0
01H,,,,,,,,,,,,,,0,0.059726193,0.019454791,,0
01I,,,,,,,,,,,,,,0,0.209101271,4.3251E-05,,0
01K,,,,,,,,,,,,,,2,0.031331808,0.024003058,,0
02B,,,,,,,,,,,,,,0,0.010747731,0.067124544,,0
02C,,,,,,,,,,,,,,0,0.004937102,0.070584168,,0
02E,,,,,,,,,,,,,,2,0.024178561,0.176346481,,0
02F,,,,,,,,,,,,,,0,0.012430775,0.128091523,,0
02K,,,,,,,,,,,,,,0,0.00202203,0.021205445,,0
02L,,,,,,,,,,,,,,0,0.006736474,0.007738975,,0
03W,,,,,,,,,,,,,,0,0.00442037,0.019881154,,0
05D,,,,,,,,,,,,,,0,0.005154277,0.084133061,,0
05E,,,,,,,,,,,,,,0,0.001283708,0.058536533,,0
05F,,,,,,,,,,,,,,0,0.000245916,0.054600538,,0
05G,,,,,,,,,,,,,,0,0.004685821,0.047168575,,0
06A,,,,,,,,,,,,,,0,0.029349026,0.045027026,,0
06B,,,,,,,,,,,,,,0,0.153450929,0.019614327,,0
06C,,,,,,,,,,,,,,0,0.073669394,0.090479223,,0
09D,,,,,,,,,,,,,,0,0.0251549,0.198629339,,0
09H,,,,,,,,,,,,,,5,0.043814941,0.156118429,,0
09K,,,,,,,,,,,,,,0,0.002296168,0.284736473,,0
09O,,,,,,,,,,,,,,1,0.011021088,0.045228889,,0
09P,,,,,,,,,,,,,,0,0.007143266,0.024086222,,0
09Q,,,,,,,,,,,,,,7,0.004919655,0.08171994,,0
10D,,,,,,,,,,,,,,0,0.001882785,0.108073613,,0
10E,,,,,,,,,,,,,,0,0.002276874,0.225699211,,0
12A,,,,,,,,,,,,,,0,0.003177097,0.229095709,0,0
12B,,,,,,,,,,,,,,0,0.003664064,0.036674806,,0
12C,,,,,,,,,,,,,,0,0.00888379,0.084909511,0,0
12I,,,,,,,,,,,,,,0,0.016187206,0.008092583,,0
12J,,,,,,,,,,,,,,0,0.004798256,0.01219517,,0
12K,,,,,,,,,,,,,,0,0.013163247,0.098322131,,0
12L,,,,,,,,,,,,,,0,0.001714232,0.024124889,,0
13A,,,,,,,,,,,,,,0,0.020809877,0.00694035,,0
13C,,,,,,,,,,,,,,0,0.02998742,0.015770215,,0
13E,,,,,,,,,,,,,,0,0.002152018,0.019351449,,0
13F,,,,,,,,,,,,,,0,0.018626521,0.02923316,,0
13G,,,,,,,,,,,,,,0,0.015985762,0.025857488,,0
13H,,,,,,,,,,,,,,0,0.001976564,0.082503649,,0
13I,,,,,,,,,,,,,,0,0.009478839,0.126671618,,0
13J,,,,,,,,,,,,,,0,0.015555002,0.006664112,,0
13L,,,,,,,,,,,,,,0,0.01552903,0.069645311,,0
13M,,,,,,,,,,,,,,0,0.042283429,0.044448363,,0
ABBEYDALE,0.149068323,0.466677858,0.070505288,0.077220077,0.045492698,0.485982877,0.1569582,0.095685748,0.031055901,0.199764982,0.074702031,0.003357395,0.065469196,22,0.033019051,0.41563319,30,5957
ACADIA,0.230798479,0.207224335,0.047528517,0.053231939,0.151806084,0.491539924,0.163022814,0.087452471,0.01378327,0.131653992,0.091730038,0.024239544,0.071292776,48,0.051683982,0.500921368,210,10520
ALBERT PARK/RADISSON HEIGHTS,0.171644991,0.447334572,0.058596541,0.062884093,0.101043304,0.480205802,0.226525654,0.13434329,0.017150207,0.194369015,0.113620123,0.012862655,0.076461341,39,0.032290811,0.440512744,45,6997
ALPINE PARK,,,,,,,,,,,,,,0,0.006498931,0.018467749,,#N/A
ALTADORE,0.145203111,0.115960818,0.023048113,0.033851916,0.118553731,0.509219245,0.164938058,0.062662057,0.002160761,0.04897724,0.051858254,0.005762028,0.043215212,31,0.069670536,0.421446055,1120,6942
ALYTH/BONNYBROOK,,,,,,,,,,,,,,32,0.011448489,0.835847205,,0
AMBLETON,,,,,,,,,,,,,,0,2.78895E-05,0.0200738,,#N/A
APPLEWOOD PARK,0.155135367,0.700472712,0.015040825,0.050852313,0.060306546,0.489757914,0.146827102,0.126772669,0.065176909,0.208422862,0.058730841,0.006446068,0.055149692,13,0.019549273,0.427185258,50,6981
ARBOUR LAKE,0.22685752,0.35690743,0.015538186,0.034372351,0.069215557,0.510594218,0.10029193,0.07863264,0.017892457,0.107825596,0.049910538,0.012242207,0.068273849,89,0.019961078,0.46907887,710,10619
ASPEN WOODS,0.130319712,0.456807114,0.004763921,0.017997036,0.03747618,0.504658056,0.12015668,0.108511539,0.019055685,0.050285835,0.023290282,0,0.059813678,32,0.057859775,0.329557108,1500,9446
AUBURN BAY,0.148804453,0.205316067,0.022718237,0.021866303,0.04986653,0.501561879,0.157891748,0.058215482,0.007099449,0.047992276,0.024706083,0.000851934,0.032657466,40,0.010791308,0.33821392,930,17607
AURORA BUSINESS PARK,,,,,,,,,,,,,,3,0.023162068,0.084149316,,0
BANFF TRAIL,0.127137009,0.220322658,0.015651336,0.030098724,0.106429087,0.444257163,0.235973995,0.120394895,0.014447387,0.06862509,0.102335661,0.006019745,0.054177703,23,0.069811778,0.531252013,165,4153
BANKVIEW,0.089611872,0.203576865,0.039954338,0.021879756,0.32781583,0.485730594,0.336757991,0.086567732,0.00761035,0.066590563,0.147450533,0.018074581,0.068493151,16,0.079179323,0.58095873,210,5256
BAYVIEW,0.246338216,0.093209055,0.019973369,0.019973369,0.029294274,0.521970706,0.066577896,0.013315579,0,0.046604527,0,0,0.026631158,8,0.094898988,0.454279805,205,751
BEDDINGTON HEIGHTS,0.18898732,0.379537954,0.044728157,0.057755776,0.069828035,0.499218343,0.151120375,0.079902727,0.049939204,0.150251867,0.079902727,0.010422095,0.059058537,72,0.046976263,0.496792441,200,11514
BEL-AIRE,0.235897436,0.064102564,0,0.025641026,0.038461538,0.505128205,0.115384615,0,0,0.051282051,0,0,0.064102564,1,0.115016578,0.421744386,,390
BELMONT,0.174418605,,,,0,0.279069767,,,,,,,,0,0.014340603,0.036012311,,86
BELTLINE,0.089736957,0.257670421,0.02049425,0.012336344,0.374945282,0.449759242,0.29686816,0.122368578,0.013132238,0.050141271,0.108440447,0.017907597,0.051733057,66,0.01279113,0.79673285,1465,25129
BELVEDERE,0.170731707,,,,0,0,,,,,,,,4,0.011240833,0.08700594,,41
BONAVISTA DOWNS,0.202586207,0.096982759,0.032327586,0.043103448,0.058189655,0.470905172,0.096982759,0.021551724,0,0.113146552,0.032327586,0,0.032327586,8,0.042153509,0.387725816,30,928
BOWNESS,0.204304933,0.105381166,0.067713004,0.056950673,0.144215247,0.499192825,0.195964126,0.055156951,0.004035874,0.152914798,0.101793722,0.018834081,0.058295964,69,0.084905585,0.381715375,250,11150
BRAESIDE,0.224461671,0.171403962,0.023255814,0.059431525,0.103875969,0.506976744,0.155900086,0.060292851,0.006890612,0.1042205,0.055124892,0.010335917,0.064599483,21,0.064805233,0.480213487,185,5805
BRENTWOOD,0.202972341,0.269712399,0.014448878,0.031649924,0.122884271,0.496078162,0.200908215,0.114902986,0.008944544,0.062611807,0.090821522,0.006192376,0.049539012,50,0.067931787,0.546182933,400,7267
BRIDGELAND/RIVERSIDE,0.245354792,0.19897586,0.0329188,0.029992685,0.249451353,0.51923921,0.198244331,0.065106072,0.015362107,0.081199707,0.115581565,0.02633504,0.038039503,30,0.055519079,0.345949459,365,6835
BRIDLEWOOD,0.142393798,0.465153073,0.022941223,0.037180603,0.046119769,0.506209952,0.130527648,0.163357329,0.014634918,0.090182739,0.042718139,0.003559845,0.058935211,16,0.016052457,0.373490303,410,12641
BRITANNIA,0.237681159,0.108695652,0,0.036231884,0.095652174,0.5,0.094202899,0.072463768,0,0.057971014,0.079710145,0.014492754,0.050724638,4,0.085641685,0.408511793,195,690
BURNS INDUSTRIAL,,,,,,,,,,,,,,11,0.031598862,0.51508013,,0
CALGARY INTERNATIONAL AIRPORT,,,,,,,,,,,,,,33,0.001005047,0.337366785,,0
CAMBRIAN HEIGHTS,0.190078585,0.166994106,0.019646365,0.049115914,0.109037328,0.495088409,0.206286837,0.034381139,0,0.095776031,0.09086444,0.009823183,0.071218075,12,0.079769502,0.477046063,120,2036
CANADA OLYMPIC PARK,,,,,,,,,,,,,,4,0.036690798,0.281085034,,0
CANYON MEADOWS,0.21183106,0.226259182,0.034758657,0.048530955,0.083420776,0.496589717,0.121327387,0.072796432,0.011804827,0.09706191,0.047219307,0.007869885,0.069517314,33,0.064439711,0.462364939,475,7624
CAPITOL HILL,0.155143339,0.205522766,0.028456998,0.033726813,0.156408094,0.470699831,0.194983137,0.076939292,0.008431703,0.08010118,0.104342327,0.020025295,0.052698145,26,0.078623936,0.479783605,245,4744
CARRINGTON,0.157342657,,,,0.033216783,0.480769231,,,,,,,,1,0.000890935,0.025951819,,572
CASTLERIDGE,0.148359719,0.698547413,0.051411784,0.043251183,0.033621675,0.477884772,0.191774115,0.208095316,0.065284805,0.215439856,0.091398727,0.009792721,0.066916925,25,0.037080751,0.505730919,35,6127
CEDARBRAE,0.224154906,0.18542829,0.060715458,0.062356416,0.105349524,0.506892025,0.137840499,0.081227437,0.010666229,0.122251395,0.070561208,0.006563833,0.072202166,24,0.043909126,0.441797264,120,6094
CHAPARRAL,0.131104789,0.195195195,0.028844634,0.032400822,0.040856646,0.501185396,0.109846689,0.063221116,0.007902639,0.095226806,0.028844634,0.002370792,0.055318476,44,0.017935556,0.303707041,1020,12654
CHARLESWOOD,0.229756234,0.191930513,0.011207621,0.029420006,0.095544971,0.474642757,0.154104791,0.084057159,0.007004763,0.082656206,0.070047632,0.005603811,0.061641917,20,0.092078956,0.3873959,300,3569
CHINATOWN,0.303116147,0.485633347,0.004046945,0.020234723,0.366248482,0.50586807,0.151760421,0.111290975,0.165924727,0.165924727,0.190206394,0.109267503,0.024281667,4,0.052715233,0.648309669,65,2471
CHINOOK PARK,0.26654633,0.153429603,0.006016847,0.021058965,0.046931408,0.51143201,0.102286402,0.060168472,0,0.063176895,0.04211793,0.006016847,0.039109507,6,0.099868938,0.520849642,215,1662
CHRISTIE PARK,0.327067669,0.256109023,0.01174812,0.030545113,0.042763158,0.523966165,0.089285714,0.023496241,0.014097744,0.082236842,0.032894737,0.004699248,0.051691729,8,0.079000557,0.455973615,290,2128
CITADEL,0.140716483,0.436141709,0.019847177,0.040686712,0.044656148,0.503522874,0.109159472,0.071449836,0.020343356,0.097747345,0.048625583,0.002480897,0.06797658,30,0.025745878,0.447291578,470,10077
CITYSCAPE,0.150128866,0.515463918,0,0.009664948,0.013530928,0.49871134,0.294780928,0.120811856,0.035438144,0.054768041,0.051546392,0.003221649,0.027384021,9,0.001423065,0.042532352,10,3104
CLIFF BUNGALOW,0.09762533,0.18469657,0.044854881,0.015831135,0.402110818,0.497097625,0.287598945,0.071240106,0,0.039577836,0.113456464,0.021108179,0.044854881,7,0.070854053,0.586188443,90,1895
COACH HILL,0.242601726,0.25431566,0.043156597,0.040073983,0.118988903,0.527435265,0.094019729,0.092478422,0.009247842,0.064734895,0.050863132,0.007706535,0.053945746,10,0.066549863,0.455820623,285,3244
COLLINGWOOD,0.216985327,0.160071143,0.013339262,0.033348155,0.112939084,0.498888395,0.131169409,0.048910627,0.004446421,0.084481992,0.064473099,0.006669631,0.055580258,21,0.073065457,0.346308087,230,2249
COPPERFIELD,0.132822108,0.250669175,0.027852131,0.031831006,0.06315561,0.493959343,0.181943138,0.080662664,0.010489763,0.07379006,0.024234971,0.001446864,0.048469941,34,0.007343393,0.289187829,415,13823
CORAL SPRINGS,0.182209964,0.907602138,0.013790726,0.040510257,0.012928805,0.488019307,0.099982762,0.082744354,0.093087399,0.212032408,0.037924496,0.007757283,0.04912946,20,0.012451914,0.358663042,140,5801
CORNERSTONE,0.13255287,,,,0.004909366,0.462613293,,,,,,,,8,0.00085949,0.020219507,,2648
COUGAR RIDGE,0.116049736,0.35943976,0.020723167,0.030012863,0.030584536,0.501071888,0.093611548,0.065742461,0.015721023,0.066457053,0.035729598,0.002143776,0.05073603,11,0.078366016,0.353378664,730,6997
COUNTRY HILLS,0.191133528,0.481815769,0.022564375,0.038492169,0.077249801,0.508362092,0.108839926,0.104857977,0.066365808,0.156623308,0.061056544,0.013273162,0.051765331,22,0.01969885,0.334264953,160,3767
COUNTRY HILLS VILLAGE,0.359260685,0.363881402,0.011551791,0.063534848,0.221409318,0.544474394,0.186753947,0.094339623,0.025028879,0.107816712,0.069310743,0.019252984,0.046207162,32,0.010933752,0.525049315,25,2597
COVENTRY HILLS,0.125091979,0.450274523,0.031414502,0.037074772,0.033905021,0.490405841,0.120563763,0.093677478,0.029150393,0.1066961,0.035659705,0.002830135,0.04896134,43,0.017168364,0.471597993,340,17667
CRANSTON,0.154244619,0.238382619,0.02615168,0.02615168,0.047978274,0.501408167,0.127740897,0.06035003,0.008801046,0.062864615,0.024391471,0.002263126,0.04400523,40,0.02543425,0.253776283,1165,19884
CRESCENT HEIGHTS,0.158006042,0.219033233,0.024169184,0.027945619,0.254984894,0.495770393,0.219033233,0.08081571,0.01510574,0.063444109,0.084592145,0.010574018,0.053625378,33,0.082770608,0.533784509,480,6620
CRESTMONT,0.135502959,0.369822485,0.026627219,0.014792899,0.017751479,0.495857988,0.053254438,0.047337278,0,0.056213018,0.00887574,0,0.068047337,7,0.105864623,0.15579745,180,1690
CURRIE BARRACKS,0.136291601,0.194136292,0.019809826,0.015847861,0.137083994,0.526941363,0.225832013,0.059429477,0.035657686,0.015847861,0.019809826,0,0.023771791,6,0.021117747,0.455067019,160,1262
DALHOUSIE,0.221252796,0.360178971,0.022930649,0.037472036,0.094630872,0.498098434,0.153243848,0.146532438,0.017897092,0.08557047,0.090044743,0.008389262,0.059284116,57,0.066956131,0.461523671,470,8940
DEER RIDGE,0.212685628,0.152277876,0.047822804,0.056632268,0.057135666,0.518248175,0.095645608,0.030203876,0.003775485,0.151019381,0.059149257,0.003775485,0.061666247,25,0.049063919,0.480499021,80,3973
DEER RUN,0.230799605,0.086870681,0.016781836,0.044422507,0.07917078,0.492201382,0.093780849,0.032576505,0.003948667,0.092793682,0.03751234,0.0029615,0.052319842,16,0.057219954,0.431183811,290,5065
DEERFOOT BUSINESS CENTRE,,,,,,,,,,,,,,32,0.014742013,0.613406162,,0
DIAMOND COVE,0.271014493,0.18115942,0.014492754,0.036231884,0.055072464,0.482608696,0.115942029,0.036231884,0,0.079710145,0.043478261,0.02173913,0.065217391,0,0.074705715,0.281785424,95,690
DISCOVERY RIDGE,0.145560748,0.212616822,0.017523364,0.02453271,0.082242991,0.50771028,0.144859813,0.067757009,0.007009346,0.074766355,0.026869159,0.003504673,0.065420561,12,0.106049984,0.160205811,730,4280
DOUGLASDALE/GLEN,0.197655462,0.238335533,0.026007298,0.028724478,0.057138421,0.495924229,0.093936806,0.031829827,0.008927878,0.100923841,0.023678286,0.003105349,0.048132909,76,0.010207932,0.350483429,985,12881
DOVER,0.219109265,0.269539175,0.071490677,0.06327891,0.139696648,0.480629891,0.18500628,0.065211091,0.028499662,0.24828519,0.116896918,0.019321805,0.06327891,45,0.048086717,0.367793899,110,10351
DOWNTOWN COMMERCIAL CORE,0.143268456,0.526315789,0.020730162,0.025336865,0.311067603,0.479097086,0.359322815,0.346654382,0.028216054,0.067948866,0.188298975,0.023033514,0.058159622,137,0.010329786,0.956967654,290,8683
DOWNTOWN EAST VILLAGE,0.195735936,0.16696635,0.012843565,0.007706139,0.321089134,0.404315438,0.208065759,0.047521192,0.016696635,0.068070896,0.101464166,0.057796044,0.020549705,11,0.022190906,0.58728539,80,3893
DOWNTOWN WEST END,0.166606822,0.359066427,0.007181329,0.012567325,0.262477558,0.476122083,0.238779174,0.114901257,0.030520646,0.037701975,0.122082585,0.019748654,0.044883303,21,0.029429383,0.730550937,240,2785
EAGLE RIDGE,0.347682119,0,0,0.033112583,0.036423841,0.456953642,0.099337748,0,0,0.066225166,0,0,0.033112583,8,0.087804886,0.479998846,100,302
EAST FAIRVIEW INDUSTRIAL,,,,,,,,,,,,,,15,0.002996763,0.500811924,,0
EAST SHEPARD INDUSTRIAL,,,,,,,,,,,,,,42,0.002615625,0.315108287,,0
EASTFIELD,,,,,,,,,,,,,,5,0.00590724,0.821976827,,0
EAU CLAIRE,0.225123153,0.216748768,0.007389163,0.014778325,0.190147783,0.497044335,0.248768473,0.125615764,0.012315271,0.027093596,0.064039409,0.034482759,0.051724138,3,0.101229198,0.494529211,415,2030
EDGEMONT,0.228580708,0.503085417,0.010392985,0.033127639,0.039298474,0.497044495,0.096135109,0.081195193,0.031828516,0.084767782,0.060084443,0.008119519,0.061058785,71,0.056980888,0.378626892,1415,15395
ELBOW PARK,0.195990425,0.064332735,0.014961101,0.029922202,0.043387193,0.49401556,0.091262717,0.041891083,0,0.056852184,0.028426092,0.00598444,0.044883303,17,0.120536244,0.381101107,910,3342
ELBOYA,0.188141391,0.142531357,0.008551881,0.022805017,0.086659065,0.489737742,0.233751425,0.076966933,0.011402509,0.076966933,0.062713797,0.005701254,0.037058153,8,0.082279451,0.465016762,270,1754
ERIN WOODS,0.143708327,0.431976167,0.07518797,0.063838842,0.060859696,0.49028231,0.117747198,0.0900837,0.031210101,0.204993616,0.070222727,0.007093205,0.054617676,17,0.031255675,0.48620399,45,7049
ERLTON,0.170866142,0.12992126,0.043307087,0.015748031,0.227559055,0.485826772,0.248031496,0.051181102,0.007874016,0.051181102,0.039370079,0.007874016,0.066929134,6,0.0830101,0.394184473,205,1270
EVANSTON,0.162567147,0.426350014,0.016115352,0.022052587,0.028724908,0.499915182,0.126378287,0.077749505,0.018942607,0.055979644,0.027707096,0.002827255,0.040429743,45,0.006147445,0.334763109,505,17685
EVERGREEN,0.165255814,0.431627907,0.022093023,0.029534884,0.046046512,0.507395349,0.108139535,0.110697674,0.019767442,0.085581395,0.039069767,0.003953488,0.059767442,39,0.022545186,0.483007545,1450,21500
FAIRVIEW,0.201316511,0.263302249,0.030170049,0.047997806,0.106966539,0.497531541,0.174163467,0.119308832,0.002742732,0.13987932,0.072682392,0.008228195,0.054854635,14,0.069906336,0.512188735,130,3646
FAIRVIEW INDUSTRIAL,,,,,,,,,,,,,,8,0.015884941,0.789291076,,0
FALCONRIDGE,0.153384023,0.622359899,0.047404487,0.062893082,0.040833568,0.483150286,0.207922651,0.189617948,0.043180325,0.181638975,0.096686379,0.007509622,0.067586595,30,0.028495147,0.50334073,30,10653
FISH CREEK PARK,,,,,,,,,,,,,,1,0.001275423,0.028247119,,0
FOOTHILLS,0.14511041,,,,0,0.03785489,,,,,,,,43,0.012415653,0.859587692,,317
FOREST HEIGHTS,0.176570197,0.479525862,0.047721675,0.06080665,0.073429803,0.475523399,0.140086207,0.139316502,0.035406404,0.224753695,0.087746305,0.013084975,0.062346059,17,0.046381943,0.491446028,30,6496
FOREST LAWN,0.157537753,0.31801894,0.097901203,0.071026363,0.106603532,0.455464551,0.209239826,0.110698746,0.034553366,0.274507295,0.128615306,0.016636806,0.07166624,48,0.042553554,0.537324953,40,7814
FOREST LAWN INDUSTRIAL,0.243902439,,,,0.203252033,0.162601626,,,,,,,,9,0.008122546,0.626213239,,123
FRANKLIN,,,,,,,,,,,,,,24,0.010951133,0.829261257,,0
GARRISON GREEN,0.258737864,0.189320388,0.016990291,0.026699029,0.102912621,0.548543689,0.118932039,0.04368932,0.007281553,0.029126214,0.033980583,0.004854369,0.031553398,0,0.023240252,0.527513552,240,2060
GARRISON WOODS,0.250962773,0.105905006,0.019255456,0.033697047,0.162387677,0.550706033,0.093068036,0.048138639,0,0.032092426,0.016046213,0.003209243,0.025673941,8,0.039018906,0.56839221,565,3116
GLACIER RIDGE,,,,,,,,,,,,,,0,0.002398874,0.016742078,,#N/A
GLAMORGAN,0.211591536,0.207758356,0.03066544,0.044464888,0.166053358,0.508892978,0.170193192,0.101962588,0.023765716,0.086629868,0.077430236,0.01149954,0.062097516,26,0.059876761,0.485361573,200,6522
GLENBROOK,0.179790379,0.277479172,0.05038968,0.052405267,0.132088148,0.519215265,0.184762161,0.098091911,0.008734211,0.106826122,0.096076324,0.015452835,0.064498791,35,0.053823136,0.495651935,170,7442
GLENDALE,0.206148282,0.142857143,0.023508137,0.047016275,0.088969259,0.505244123,0.101265823,0.039783002,0.003616637,0.095840868,0.072332731,0.012658228,0.048824593,17,0.075434227,0.426026367,205,2765
GLENDEER BUSINESS PARK,,,,,,,,,,,,,,1,0.011729099,0.723568922,,0
GLENMORE PARK,,,,,,,,,,,,,,4,0.096971644,0.051768737,,0
GOLDEN TRIANGLE,,,,,,,,,,,,,,1,0.009610131,0.810765107,,0
GREAT PLAINS,,,,,,,,,,,,,,11,0.003170962,0.315198453,,0
GREENVIEW,0.183105981,0.364637985,0.026232949,0.055089192,0.225603358,0.485834208,0.267576076,0.112801679,0.013116474,0.167890871,0.128541448,0.015739769,0.099685205,6,0.048760633,0.457565044,20,1906
GREENVIEW INDUSTRIAL PARK,0.791111111,,,,0,0.568888889,,,,,,,,21,0.009518142,0.771401866,,225
GREENWOOD/GREENBRIAR,0.294642857,0.016741071,0.066964286,0.072544643,0.202008929,0.498883929,0.066964286,0,0,0.262276786,0.122767857,0.050223214,0.055803571,5,0.052950999,0.185920031,0,896
HAMPTONS,0.215388784,0.741668924,0.006095909,0.025738282,0.026144676,0.500812788,0.069086968,0.043348686,0.060281766,0.137496613,0.053508534,0.016255757,0.054863181,36,0.04202381,0.344911109,725,7382
HARVEST HILLS,0.166307278,0.368598383,0.034366577,0.043126685,0.051752022,0.49703504,0.107142857,0.070080863,0.040431267,0.134097035,0.052560647,0.012803235,0.059299191,28,0.029521194,0.440595227,270,7420
HASKAYNE,,,,,,,,,,,,,,0,0.026497346,0.040436068,,0
HAWKWOOD,0.215614187,0.40333045,0.019463668,0.028114187,0.046064014,0.500865052,0.06974481,0.060012976,0.024329585,0.08866782,0.047577855,0.010813149,0.06974481,42,0.047271363,0.460566629,750,9248
HAYSBORO,0.202259887,0.223870056,0.024011299,0.03460452,0.178248588,0.502542373,0.165960452,0.089689266,0.008474576,0.103107345,0.079096045,0.008474576,0.059322034,33,0.06195676,0.556918533,280,7080
HIDDEN VALLEY,0.138077123,0.389936019,0.025505793,0.034151824,0.03847484,0.490921667,0.09078333,0.061386823,0.022479682,0.11542452,0.035016427,0.003026111,0.055766903,38,0.022759593,0.362732609,540,11566
HIGHFIELD,,,,,,,,,,,,,,21,0.01527771,0.729782484,,0
HIGHLAND PARK,0.178217822,0.299635227,0.045596665,0.053413236,0.19124544,0.480979677,0.270974466,0.093798854,0.024752475,0.14069828,0.148514851,0.036477332,0.080771235,26,0.06757083,0.430131566,170,3838
HIGHWOOD,0.176705049,0.128432241,0.048715678,0.042072631,0.113817538,0.498228521,0.106288751,0.037643933,0.006643047,0.090788308,0.066430469,0.008857396,0.028786537,13,0.086351311,0.461871292,105,2258
HILLHURST,0.132967368,0.148673376,0.018298262,0.028972248,0.15294297,0.503507167,0.181457762,0.060994206,0.00304971,0.038121378,0.075480329,0.008386703,0.051082647,44,0.06547432,0.514598325,680,6558
HOMESTEAD,,,,,,,,,,,,,,0,0.000247206,0.044608256,,0
HORIZON,,,,,,,,,,,,,,17,0.000471157,0.771775663,,0
HOTCHKISS,,,,,,,,,,,,,,0,0.00254165,0.048395224,,0
HOUNSFIELD HEIGHTS/BRIAR HILL,0.296997856,0.173338099,0.028591851,0.037526805,0.095067906,0.522516083,0.134024303,0.044674768,0.008934954,0.066118656,0.060757684,0.003573981,0.046461758,23,0.083146219,0.521348207,330,2798
HUNTINGTON HILLS,0.222652757,0.306259314,0.046944858,0.067064083,0.096423249,0.502459016,0.150894188,0.076005961,0.032786885,0.157973174,0.083830104,0.012295082,0.059985097,77,0.04383034,0.452651513,200,13420
INGLEWOOD,0.153578529,0.11804175,0.052186879,0.029821074,0.226640159,0.499502982,0.18389662,0.039761431,0.003727634,0.058399602,0.096918489,0.018638171,0.059642147,31,0.076797564,0.343005771,300,4024
KELVIN GROVE,0.300650759,0.175704989,0.00867679,0.028199566,0.117136659,0.548806941,0.121475054,0.088937093,0.015184382,0.060737527,0.062906725,0.028199566,0.045553145,5,0.073804201,0.53621371,260,2305
KEYSTONE HILLS,,,,,,,,,,,,,,0,5.1089E-05,0.034211865,,0
KILLARNEY/GLENGARRY,0.156929083,0.195185426,0.031880286,0.037085231,0.137280416,0.501886792,0.219908913,0.096942095,0.009759271,0.086532206,0.079375407,0.009759271,0.054651919,25,0.063334948,0.518594788,660,7685
KINCORA,0.147191174,0.511685295,0.0137901,0.021048048,0.051531427,0.496298447,0.095804906,0.076934243,0.021048048,0.055160401,0.031934969,0.002903179,0.048628248,26,0.009655683,0.308576748,290,6889
KINGSLAND,0.174061433,0.350895904,0.038395904,0.038395904,0.164462457,0.48890785,0.234641638,0.175981229,0.023464164,0.123720137,0.116254266,0.011732082,0.079991468,20,0.053780747,0.575413852,85,4688
LAKE BONAVISTA,0.280676188,0.094238803,0.024288351,0.028660255,0.085786457,0.499174196,0.095210337,0.019916448,0.00485767,0.073350821,0.029631789,0.007772272,0.046147867,81,0.058535517,0.468598595,1240,10293
LAKEVIEW,0.250980392,0.107376284,0.035480859,0.045751634,0.111297852,0.510550887,0.114845938,0.040149393,0.001867414,0.083099907,0.060690943,0.011204482,0.045751634,28,0.080943416,0.465047705,625,5355
LEGACY,0.157788162,0.145638629,0.008566978,0.010124611,0.07165109,0.511370717,0.171339564,0.064641745,0.00623053,0.028037383,0.017912773,0.001557632,0.017912773,21,0.051436709,0.064653469,85,6420
LEWISBURG,,,,,,,,,,,,,,0,0.000244691,0.015325356,,#N/A
LINCOLN PARK,0.17539167,0.23882308,0.032479939,0.051585785,0.229270157,0.553305311,0.21016431,0.074512801,0.015284677,0.068781047,0.145204433,0.017195262,0.05349637,32,0.025491344,0.505283338,50,2617
LIVINGSTON,0.147596479,,,,0.049424509,0.465132024,,,,,,,,0,0.000566668,0.019865306,,1477
LOWER MOUNT ROYAL,0.101533121,0.218397454,0.021695111,0.024587793,0.438819786,0.482788545,0.28637547,0.117153601,0.005785363,0.05785363,0.137402372,0.021695111,0.072317038,12,0.045416383,0.718554521,190,3457
MACEWAN GLEN,0.19499369,0.267143458,0.021034918,0.045225074,0.053428692,0.505469079,0.097812369,0.056794279,0.022086664,0.106226336,0.053639041,0.005258729,0.050483803,15,0.043993166,0.485515062,245,4754
MAHOGANY,0.171503734,0.183723693,0.014002037,0.013153428,0.048710115,0.502885268,0.193482688,0.056432451,0.009334691,0.028852682,0.012729124,0.001272912,0.027155465,24,0.004275148,0.107394336,435,11784
MANCHESTER,0.143414634,0.370731707,0.048780488,0.029268293,0.294634146,0.409756098,0.263414634,0.229268293,0.024390244,0.053658537,0.175609756,0,0.063414634,7,0.019356839,0.826176131,0,1025
MANCHESTER INDUSTRIAL,,,,,,,,,,,,,,75,0.020954004,0.781047123,,0
MAPLE RIDGE,0.267223382,0.04697286,0.018267223,0.028705637,0.080375783,0.499478079,0.080897704,0.005219207,0,0.083507307,0.026096033,0.010438413,0.041753653,7,0.044952572,0.278053095,130,1916
MARLBOROUGH,0.210434403,0.587753766,0.040384196,0.049115914,0.058611657,0.473149967,0.176271556,0.169722768,0.040384196,0.211744161,0.092774503,0.013097577,0.058939096,40,0.038437335,0.542969679,30,9162
MARLBOROUGH PARK,0.189017951,0.511556964,0.03343893,0.058078141,0.061598029,0.482576558,0.12260941,0.101490086,0.031678986,0.226446087,0.083304001,0.011732958,0.061598029,34,0.035860023,0.511814407,70,8523
MARTINDALE,0.12994033,0.832923833,0.025974026,0.036855037,0.018673219,0.471814672,0.145665146,0.181818182,0.085644086,0.192699193,0.064935065,0.005967006,0.047034047,60,0.018113619,0.500974783,55,14245
MAYFAIR,0.206018519,0.219907407,0,0.046296296,0.034722222,0.493055556,0.092592593,0.069444444,0,0.034722222,0.023148148,0,0.081018519,2,0.104694604,0.482398193,110,432
MAYLAND,,,,,,,,,,,,,,23,0.016110731,0.636061323,,0
MAYLAND HEIGHTS,0.203657105,0.223955712,0.053682268,0.05703741,0.13823184,0.49656098,0.168595873,0.052004697,0.010065425,0.150142594,0.088072471,0.012581782,0.061231337,26,0.046706751,0.459288901,135,5961
MCCALL,,,,,,,,,,,,,,12,0.000126097,0.445851308,,0
MCKENZIE LAKE,0.145233478,0.131284499,0.023496942,0.038415635,0.039832911,0.49440549,0.099955244,0.036550798,0.010816053,0.109652394,0.034685962,0.003729673,0.055945099,40,0.048307099,0.410924075,1200,13406
MCKENZIE TOWNE,0.15867199,0.194989881,0.031449981,0.038286933,0.084723514,0.503199694,0.147131215,0.070010392,0.006016518,0.079582125,0.038833889,0.003281737,0.051140404,63,0.022224921,0.499078098,750,18283
MEADOWLARK PARK,0.217391304,0.178571429,0.01552795,0.062111801,0.082298137,0.489130435,0.163043478,0.046583851,0,0.077639752,0.01552795,0.01552795,0.108695652,5,0.044123306,0.680018871,75,644
MEDICINE HILL,,,,,,,,,,,,,,0,0.12518823,0.057902487,,0
MERIDIAN,,,,,,,,,,,,,,10,0.010544422,0.81001501,,0
MIDNAPORE,0.28610729,0.125171939,0.02957359,0.049518569,0.098074278,0.522145805,0.116231087,0.037138927,0.006189821,0.093535076,0.069463549,0.017193948,0.050894085,50,0.057321635,0.484452565,210,7270
MILLRISE,0.204927536,0.287681159,0.024637681,0.038405797,0.084492754,0.51942029,0.165942029,0.113043478,0.015942029,0.101449275,0.053623188,0.012318841,0.061594203,25,0.038623475,0.534345562,245,6900
MISSION,0.153327534,0.153327534,0.022836016,0.01522401,0.46476729,0.494345368,0.342540235,0.067420618,0.003262288,0.035885167,0.090256633,0.006524576,0.043497173,14,0.0597586,0.607428701,365,4598
MONTEREY PARK,0.200347088,0.781912842,0.023621288,0.039529503,0.03297339,0.498843039,0.109429233,0.101234092,0.068935596,0.228981874,0.059294254,0.012051678,0.062668723,33,0.020333457,0.376079088,45,10372
MONTGOMERY,0.176079734,0.15282392,0.058693245,0.043189369,0.118050941,0.507419712,0.176079734,0.071982281,0.007751938,0.084163898,0.07641196,0.013289037,0.049833887,35,0.048653354,0.319076856,200,4515
MOUNT PLEASANT,0.158770589,0.181694685,0.026320258,0.028018339,0.127695704,0.482085244,0.197826456,0.053489557,0.005943284,0.073866531,0.07301749,0.005943284,0.047546273,29,0.080058433,0.462832508,610,5889
NEW BRIGHTON,0.132107151,0.327024346,0.027856216,0.024040296,0.040219797,0.495382737,0.160268641,0.093871632,0.011829352,0.06487064,0.02671144,0.001526368,0.044264672,34,0.012369493,0.41445592,415,13103
NOLAN HILL,0.13817455,0.309793471,0.00532978,0.011992005,0.032911392,0.499666889,0.178547635,0.070619587,0.009327115,0.030646236,0.01332445,0.001998668,0.028647568,32,0.005523772,0.15847606,135,7505
NORTH AIRWAYS,,,,,,,,,,,,,,20,0.016413143,0.720411796,,0
NORTH GLENMORE PARK,0.227519866,0.096194061,0.04391468,0.052279381,0.09117524,0.489753241,0.119196989,0.010455876,0.006273526,0.098285236,0.048097031,0.016729402,0.056461731,20,0.069909434,0.501825544,225,2391
NORTH HAVEN,0.26027978,0.18440017,0.029673591,0.052988554,0.096651123,0.500635863,0.127172531,0.036032217,0.010597711,0.09749894,0.059347181,0.014836795,0.052988554,13,0.05806285,0.477690615,115,2359
NORTH HAVEN UPPER,0.240400668,0.158597663,0.041736227,0.033388982,0.086811352,0.477462437,0.033388982,0,0.016694491,0.116861436,0.033388982,0,0.091819699,3,0.055376585,0.485547859,30,599
NOSE HILL PARK,,,,,,,,,,,,,,3,0.032130903,0.019150397,,0
OAKRIDGE,0.273110721,0.11599297,0.021089631,0.036906854,0.070650264,0.506326889,0.087873462,0.040421793,0.007029877,0.079964851,0.037785589,0.006151142,0.043057996,42,0.081566413,0.450005501,435,5690
OGDEN,0.197411381,0.155083955,0.062383396,0.069962687,0.124766791,0.462336754,0.161497201,0.052472015,0.005830224,0.191814366,0.087453358,0.013992537,0.054221082,64,0.063198435,0.358678771,95,8576
OGDEN SHOPS,,,,,,,,,,,,,,3,0.016358163,0.694290969,,0
PALLISER,0.322984749,0.224673203,0.028594771,0.039488017,0.164760349,0.534041394,0.187908497,0.076252723,0.008169935,0.069444444,0.073529412,0.012254902,0.049019608,17,0.072844865,0.507744263,180,3672
PANORAMA HILLS,0.137456243,0.701478024,0.010307273,0.032866589,0.038817581,0.496227149,0.114546869,0.116297161,0.056981719,0.108129133,0.055425904,0.006612213,0.053870089,74,0.014931054,0.406922915,1020,25710
PARKDALE,0.2416212,0.132501949,0.019485581,0.019485581,0.114964926,0.498441154,0.114964926,0.046765394,0,0.044816836,0.038971161,0.011691348,0.029228371,19,0.062584283,0.43932588,215,2566
PARKHILL,0.162034299,0.221762271,0.026611473,0.053222945,0.180958013,0.497338853,0.221762271,0.082791248,0.014784151,0.065050266,0.10348906,0,0.056179775,9,0.092000615,0.428068653,245,1691
PARKLAND,0.286612022,0.050546448,0.024590164,0.025956284,0.057923497,0.5,0.049180328,0.010928962,0,0.087431694,0.028688525,0.008196721,0.040983607,16,0.065695728,0.472533842,375,3660
PATTERSON,0.26249405,0.334364588,0.015468824,0.035697287,0.141599238,0.52736792,0.141599238,0.090433127,0.021418372,0.073774393,0.059495478,0.014278915,0.071394574,10,0.086724777,0.331276504,465,4202
PEGASUS,,,,,,,,,,,,,,0,0.014252288,0.676434629,,0
PENBROOKE MEADOWS,0.184358195,0.471709142,0.059036708,0.067804536,0.066752397,0.472527473,0.153729249,0.097615151,0.057867664,0.264788403,0.104044891,0.011690437,0.058452186,33,0.035153371,0.480314761,25,8554
PINE CREEK,0.142857143,,,,0,0,,,,,,,,0,0.015181127,0.011008047,,14
PINERIDGE,0.211634404,0.469966075,0.051386949,0.066354021,0.090401118,0.496208342,0.152165236,0.075833167,0.031929755,0.197066454,0.11973658,0.018958292,0.073837557,36,0.043114153,0.509462198,70,10022
POINT MCKAY,0.311988086,0.096798213,0.018615041,0.04095309,0.280714818,0.538346984,0.156366344,0.026061057,0.007446016,0.018615041,0.070737156,0.018615041,0.059568131,3,0.084338292,0.30796119,120,1343
PUMP HILL,0.459756098,0.103658537,0.015243902,0.015243902,0.077439024,0.543292683,0.091463415,0.036585366,0.045731707,0.097560976,0.067073171,0.045731707,0.036585366,11,0.096376559,0.396138815,285,1640
QUEENS PARK VILLAGE,0.136263736,0.549450549,0.021978022,0.076923077,0.07032967,0.498901099,0.472527473,0.373626374,0.131868132,0.142857143,0.175824176,0,0.120879121,6,0.075019293,0.167745909,0,455
QUEENSLAND,0.192915876,0.150748471,0.039004849,0.059034366,0.074847143,0.489774404,0.118068733,0.04322159,0.011596036,0.152856842,0.056925996,0.005270926,0.052709256,23,0.052109802,0.465808622,105,4743
RAMSAY,0.15291937,0.139017609,0.064874884,0.037071362,0.171455051,0.473123262,0.194624652,0.032437442,0.00463392,0.101946247,0.092678406,0.011584801,0.074142725,26,0.062390452,0.492003033,125,2158
RANCHLANDS,0.17326147,0.28789273,0.040751939,0.061127909,0.086236361,0.501511765,0.157749441,0.10976732,0.011173919,0.085447614,0.074273695,0.005258315,0.06967267,33,0.067748733,0.455493727,225,7607
RANGEVIEW,,,,,,,,,,,,,,0,0.001157043,0.002787534,,0
RED CARPET,0.256587202,0.247804266,0.084692597,0.072145546,0.215181932,0.478670013,0.17565872,0.053324969,0.006273526,0.28544542,0.119196989,0.012547051,0.081555834,9,0.020253047,0.390433076,10,1594
REDSTONE,0.166381669,0.340287278,0.005984952,0.013679891,0.010088919,0.492989056,0.121409029,0.082934337,0.023939808,0.056429549,0.013679891,0,0.029924761,21,0.002512693,0.146476111,10,5848
RENFREW,0.135217259,0.184594348,0.038742024,0.040261319,0.179428745,0.507140687,0.196748709,0.038742024,0.00911577,0.07368581,0.059252507,0.00303859,0.047857794,44,0.053365246,0.396822787,415,6582
RICHMOND,0.160217654,0.174324869,0.027206771,0.02821443,0.128375655,0.485489722,0.192462717,0.056428859,0.010076582,0.06146715,0.071543732,0.020153164,0.047359936,25,0.060362935,0.494470512,620,4962
RIDEAU PARK,0.336700337,0.033670034,0,0,0.212121212,0.513468013,0.092592593,0.033670034,0,0.050505051,0.025252525,0,0.092592593,2,0.142319019,0.310771169,165,594
RIVERBEND,0.173517958,0.258005193,0.034076158,0.044353094,0.049545651,0.495023799,0.094115102,0.043812203,0.011899611,0.127650368,0.029208135,0.002163566,0.055170922,34,0.049869165,0.369976029,415,9244
ROCKY RIDGE,0.189330793,0.329840438,0.017861396,0.032150512,0.075494165,0.513455585,0.133960467,0.087520838,0.010716837,0.072040962,0.048225768,0.005358419,0.063110264,33,0.03711777,0.387580989,660,8398
ROSEDALE,0.205128205,0.150641026,0.006410256,0.016025641,0.06474359,0.492307692,0.112179487,0.044871795,0.006410256,0.080128205,0.057692308,0.016025641,0.096153846,8,0.10322214,0.466326117,290,1560
ROSEMONT,0.1738437,0.087719298,0.043859649,0.051834131,0.112440191,0.496810207,0.179425837,0.031897927,0,0.083732057,0.059808612,0,0.071770335,8,0.082637612,0.49466632,105,1254
ROSSCARROCK,0.143724138,0.353103448,0.055172414,0.073103448,0.129103448,0.508689655,0.273103448,0.177931034,0.015172414,0.137931034,0.132413793,0.005517241,0.053793103,26,0.036551259,0.583600653,85,3625
ROXBORO,0.222748815,0.059241706,0,0.023696682,0.033175355,0.464454976,0.18957346,0,0,0.106635071,0.023696682,0,0.035545024,2,0.171493152,0.33855549,130,422
ROYAL OAK,0.141636767,0.426277123,0.013241073,0.02477362,0.052793439,0.5117034,0.105074321,0.082436357,0.023065095,0.070049547,0.04314027,0.005552708,0.052110029,34,0.024893492,0.385298976,905,11706
ROYAL VISTA,,,,,,,,,,,,,,10,0.018686357,0.407952262,,0
RUNDLE,0.187371663,0.613877481,0.036362081,0.046629021,0.043548939,0.48733744,0.171971253,0.165982204,0.051762491,0.187371663,0.095824778,0.009411362,0.057323751,32,0.042918399,0.526616411,80,11688
RUTLAND PARK,0.298718515,0.154661953,0.019885108,0.055236412,0.129474149,0.516129032,0.099425541,0.024304021,0,0.134776845,0.059655325,0.015466195,0.050817499,19,0.074552764,0.483131016,70,2263
SADDLE RIDGE,0.140809104,0.791631199,0.009184176,0.028000538,0.015232292,0.496303929,0.152770933,0.17136329,0.072577393,0.138882667,0.047712916,0.00313606,0.044576856,61,0.007712019,0.267866612,100,22321
SADDLE RIDGE INDUSTRIAL,0.12,,,,0,0,,,,,,,,0,0.009498375,0.287515821,,25
SAGE HILL,0.170873296,0.368500757,0.015774861,0.023977789,0.061837456,0.516405856,0.172892479,0.072564361,0.010095911,0.036597678,0.023977789,0.001261989,0.036597678,29,0.00586104,0.189279845,205,7924
SANDSTONE VALLEY,0.216463415,0.509823848,0.01947832,0.042344173,0.050304878,0.503387534,0.071985095,0.06351626,0.079607046,0.155826558,0.060128726,0.015243902,0.046578591,23,0.039094211,0.500186637,200,5904
SCARBORO,0.1783029,0.171858217,0,0.026852846,0.039742213,0.481203008,0.123523093,0.032223416,0.010741139,0.069817401,0.010741139,0,0.080558539,5,0.108164351,0.433002787,195,931
SCARBORO/ SUNALTA WEST,0.211970075,0.249376559,0.049875312,0.024937656,0.074812968,0.471321696,0.187032419,0.049875312,0.024937656,0.099750623,0.099750623,0,0.037406484,2,0.079882853,0.460746814,75,401
SCENIC ACRES,0.231312756,0.252882112,0.015495227,0.026651791,0.042766828,0.504152721,0.062600719,0.04152721,0.011776373,0.073137474,0.029750837,0.001859427,0.053923392,47,0.041489568,0.380827287,850,8067
SECTION 23,,,,,,,,,,,,,,11,0.005647883,0.553925646,,0
SETON,0.354497354,,,,0.12345679,0.571428571,,,,,,,,25,0.00217595,0.077777305,,1134
SHAGANAPPI,0.126691267,0.264452645,0.024600246,0.021525215,0.140221402,0.49200492,0.212177122,0.12300123,0.021525215,0.064575646,0.064575646,0,0.027675277,13,0.113411711,0.233400511,175,1626
SHAWNEE SLOPES,0.364207221,0.214547357,0.02093145,0.015698587,0.083725798,0.534798535,0.049712193,0.034013605,0.015698587,0.049712193,0.02093145,0.005232862,0.047095761,19,0.040689499,0.356558358,160,1911
SHAWNESSY,0.183176772,0.330913749,0.029888984,0.044299744,0.049957301,0.496157131,0.126494449,0.106746371,0.019214347,0.105678907,0.051238258,0.00587105,0.060845431,76,0.032968675,0.542588196,285,9368
SHEPARD INDUSTRIAL,0.235294118,0,0.058823529,0.078431373,0.243137255,0.403921569,0.176470588,0,0,0.215686275,0.117647059,0.058823529,0.058823529,34,0.006652157,0.385191192,0,255
SHERWOOD,0.125360231,0.628402177,0.006404099,0.023214858,0.04418828,0.503842459,0.165706052,0.113672751,0.037624079,0.087255844,0.047230227,0.004002562,0.049631764,32,0.006767859,0.344626966,240,6246
SIGNAL HILL,0.258305338,0.352370287,0.008585293,0.031728257,0.080851064,0.523254946,0.09518477,0.062336693,0.019410228,0.094438223,0.048152296,0.009705114,0.058230683,83,0.031903567,0.468938434,1360,13395
SILVER SPRINGS,0.250374467,0.120405577,0.024196336,0.042055536,0.077658716,0.504435995,0.107731305,0.043207743,0.005184929,0.077773937,0.047816569,0.005761032,0.065675769,53,0.072371188,0.33956285,500,8679
SILVERADO,0.13638145,0.391900718,0.020248204,0.026779882,0.037753103,0.497844546,0.097322012,0.082299151,0.02743305,0.056825604,0.031352057,0.002612671,0.049640758,12,0.014195076,0.175983836,415,7655
SKYLINE EAST,,,,,,,,,,,,,,4,0.012696584,0.748209894,,0
SKYLINE WEST,,,,,,,,,,,,,,3,0.009560454,0.611019672,,0
SKYVIEW RANCH,0.153754164,0.553087896,0.011531562,0.02263603,0.050568036,0.490048689,0.144358076,0.114888528,0.035021782,0.0837106,0.032032118,0.004270949,0.04100111,23,0.003644343,0.278482476,100,11707
SOMERSET,0.171017207,0.435444223,0.024581529,0.03511647,0.071520543,0.50321901,0.167388505,0.148659721,0.022240431,0.10417886,0.063209645,0.01170549,0.072574037,31,0.025182885,0.41169153,305,8543
SOUTH AIRWAYS,,,,,,,,,,,,,,29,0.014671304,0.828558714,,0
SOUTH CALGARY,0.134398919,0.164340387,0.034894192,0.033768573,0.180774426,0.502251238,0.262269248,0.067537145,0.011256191,0.067537145,0.082170194,0.006753715,0.03714543,20,0.057488596,0.546385768,405,4442
SOUTH FOOTHILLS,,,,,,,,,,,,,,11,0.007612357,0.846596278,,0
SOUTHVIEW,0.248199446,0.199445983,0.069252078,0.069252078,0.135734072,0.460387812,0.157894737,0.083102493,0.024930748,0.227146814,0.119113573,0.024930748,0.083102493,11,0.055232638,0.330128535,10,1805
SOUTHWOOD,0.182837016,0.25456292,0.036823567,0.0584374,0.107428754,0.498398975,0.186519372,0.128882485,0.009606148,0.119276337,0.067243036,0.012007685,0.052033301,59,0.045688639,0.544421716,190,6246
SPRINGBANK HILL,0.145529518,0.362063763,0.017097455,0.024640451,0.042944785,0.501357739,0.110127728,0.09202454,0.019611787,0.064366891,0.039223574,0.004525797,0.062355426,40,0.06064429,0.254814268,1430,9943
SPRUCE CLIFF,0.227476996,0.325272844,0.034239247,0.040659105,0.193665739,0.530708324,0.22683501,0.127327199,0.01497967,0.08773807,0.138026963,0.017119623,0.065268564,13,0.125365201,0.363451323,300,4673
ST. ANDREWS HEIGHTS,0.364345404,0.175487465,0.022284123,0.016713092,0.091364903,0.519777159,0.119777159,0.055710306,0.011142061,0.036211699,0.033426184,0.005571031,0.04178273,20,0.069257991,0.477958476,185,1795
STARFIELD,,,,,,,,,,,,,,7,0.004551711,0.265043301,,0
STONEGATE LANDING,,,,,,,,,,,,,,3,0.001267718,0.052792983,,0
STONEY 1,,,,,,,,,,,,,,11,0.005280182,0.156953452,,0
STONEY 2,,,,,,,,,,,,,,18,0.001860935,0.420157098,,0
STONEY 3,,,,,,,,,,,,,,5,0.003110009,0.073485871,,0
STONEY 4,,,,,,,,,,,,,,0,0.001750197,0.135121024,,0
STRATHCONA PARK,0.204376368,0.263311451,0.024070022,0.041575492,0.042742524,0.509263311,0.075127644,0.032093363,0.008023341,0.075127644,0.052516411,0.007293946,0.054704595,30,0.069455084,0.416097153,845,6855
SUNALTA,0.05866008,0.301018833,0.04631059,0.020067922,0.325409077,0.472985489,0.348873109,0.142019142,0.018524236,0.052485335,0.137388083,0.009262118,0.07564063,16,0.044230534,0.634555043,90,3239
SUNDANCE,0.175328677,0.159202958,0.02721857,0.034408381,0.040981923,0.501746097,0.079601479,0.04211175,0.008216927,0.103738702,0.035949055,0.005649137,0.068816763,57,0.039613176,0.480497694,830,9736
SUNNYSIDE,0.108274232,0.140661939,0.022458629,0.022458629,0.3,0.505910165,0.238770686,0.074468085,0.002364066,0.026004728,0.086288416,0.008274232,0.060283688,18,0.087988556,0.393889725,290,4230
SUNRIDGE,0,,,,0,0,,,,,,,,38,0.010697752,0.817137572,,11
SYMONS VALLEY RANCH,,,,,,,,,,,,,,0,0.007181466,0.041105354,,#N/A
TARADALE,0.131294019,0.896667718,0.010774729,0.033900978,0.017975402,0.477662147,0.151371807,0.201829076,0.078313886,0.161095343,0.070955535,0.003679176,0.057815621,48,0.010531339,0.471960827,60,19026
TEMPLE,0.175913273,0.571194315,0.046005284,0.056481735,0.040903708,0.488020406,0.122984422,0.129361392,0.034617837,0.192675594,0.07652364,0.007743464,0.058759224,32,0.039897647,0.527975918,130,10977
THORNCLIFFE,0.209262631,0.323167956,0.044947656,0.061447428,0.10389167,0.492262176,0.165566682,0.10013655,0.046654529,0.147360036,0.084774693,0.011948111,0.060878471,51,0.060814375,0.434044017,145,8788
TUSCANY,0.137748944,0.260259505,0.018607926,0.027157514,0.04400523,0.505984711,0.095554214,0.057332529,0.009052505,0.062864615,0.021876886,0.002263126,0.045011064,70,0.035448347,0.352601239,1705,19884
TUXEDO PARK,0.171986481,0.300413068,0.030980098,0.032857679,0.165790462,0.49586932,0.186819377,0.087307548,0.037551633,0.127675554,0.10045062,0.031918888,0.059143823,26,0.063970607,0.553495222,285,5326
TWINHILLS,,,,,,,,,,,,,,0,0.001338977,0.023784309,,#N/A
UNIVERSITY DISTRICT,0.141843972,0.964539007,0,0,0.028368794,0.476595745,0.19858156,0.716312057,0.078014184,0.021276596,0.170212766,0,0.042553191,15,0.018187264,0.273014174,0,705
UNIVERSITY HEIGHTS,0.162957891,0.410818213,0.010270455,0.023964396,0.117425539,0.488531325,0.30811366,0.258473126,0.023964396,0.044505306,0.15405683,0.008558713,0.056487504,11,0.096969828,0.496138813,220,2921
UNIVERSITY OF CALGARY,0,,,,0,0.520490072,,,,,,,,21,0.067842709,0.551520535,,2367
UPPER MOUNT ROYAL,0.213478612,0.159402744,0.018159806,0.018159806,0.098466505,0.485068604,0.137207425,0.058514931,0.006053269,0.066585956,0.068603713,0.008071025,0.044390638,21,0.128345285,0.409168933,620,2478
VALLEY RIDGE,0.227394808,0.229185318,0.019695613,0.022381379,0.035273053,0.505819158,0.097582811,0.051029543,0.011638317,0.073410922,0.020590868,0.00179051,0.050134288,19,0.077410208,0.261376493,660,5585
VALLEYFIELD,,,,,,,,,,,,,,9,0.011308263,0.635789665,,0
VARSITY,0.273030915,0.293615038,0.01203977,0.031847134,0.137098027,0.509321112,0.192636321,0.107192792,0.01242815,0.075345658,0.089327326,0.012816529,0.056703433,100,0.07693146,0.384884896,1130,12874
VISTA HEIGHTS,0.179324895,0.457805907,0.035864979,0.048523207,0.053164557,0.499156118,0.158227848,0.107594937,0.033755274,0.130801688,0.08649789,0.006329114,0.071729958,11,0.024134726,0.37187726,25,2370
WALDEN,0.181438664,0.289017341,0.010436737,0.020873475,0.056037251,0.515093128,0.159762364,0.075465639,0.012042389,0.041746949,0.013648041,0.004816956,0.036127168,24,0.013758273,0.155450231,170,6228
WEST HILLHURST,0.181014425,0.172948658,0.025593299,0.035675508,0.125329611,0.501473554,0.16984644,0.059717698,0.003102218,0.058166589,0.07212657,0.021715527,0.035675508,31,0.062661325,0.432021975,1005,6447
WEST SPRINGS,0.124186652,0.290016732,0.014872653,0.027421454,0.035601413,0.506042015,0.088771147,0.06925079,0.005112474,0.053913367,0.024168061,0.001394311,0.042758877,43,0.046845435,0.348520895,1390,10758
WESTGATE,0.217988757,0.19675203,0.032792005,0.045284197,0.0908807,0.514678326,0.134291068,0.043722673,0.014053716,0.106183635,0.056214866,0.009369144,0.053091818,12,0.067787373,0.509797859,165,3202
WESTWINDS,,,,,,,,,,,,,,32,0.010738561,0.619215638,,0
WHITEHORN,0.189616441,0.698477411,0.017888343,0.046592895,0.044679258,0.479990016,0.189699642,0.186371578,0.054081038,0.183459522,0.082785589,0.005824112,0.054913054,39,0.04446607,0.522161102,70,12019
WILDWOOD,0.208564046,0.097822075,0.012919897,0.033222591,0.083794758,0.507936508,0.088593577,0.014765596,0.007382798,0.097822075,0.035068291,0.007382798,0.046142488,15,0.150168133,0.247715161,355,2709
WILLOW PARK,0.266141141,0.179241742,0.031906907,0.046921922,0.095720721,0.494744745,0.110735736,0.06006006,0.003753754,0.076013514,0.050675676,0.010322823,0.059121622,53,0.067997483,0.481756707,380,5328
WINDSOR PARK,0.172993019,0.318499127,0.020724258,0.030541012,0.211605585,0.509816754,0.257417103,0.159249564,0.009816754,0.071989529,0.122164049,0.02617801,0.061082024,11,0.08472809,0.361802776,200,4584
WINSTON HEIGHTS/MOUNTVIEW,0.201925722,0.191196699,0.05914718,0.041265475,0.140302613,0.48088033,0.19394773,0.053645117,0.011004127,0.137551582,0.088033012,0.026134801,0.057771664,13,0.001686616,0.266379167,270,3635
WOLF WILLOW,,,,,,,,,,,,,,1,0.025625799,0.056813856,,0
WOODBINE,0.223325062,0.195127453,0.034965035,0.036092939,0.053462666,0.493232574,0.10094744,0.039476652,0.006203474,0.075569592,0.040604557,0.00789533,0.063726596,33,0.050537836,0.475870335,705,8866
WOODLANDS,0.242085971,0.194935022,0.042485838,0.05164945,0.068310563,0.507164279,0.132455848,0.066644452,0.007497501,0.093302233,0.069143619,0.004998334,0.068310563,17,0.067529944,0.35430659,345,6002
YORKVILLE,0.214285714,,,,0,0,,,,,,,,0,0.003074859,0.013765091,,14